{
  "losses": [
    0.0020950756837455663,
    0.0008677665749535035,
    0.0004653913985220978,
    0.0003246176378663319,
    0.00026925788479198036,
    0.00024455472336772826,
    0.0002324955847802296,
    0.0002277583836806601,
    0.00022477504956716873,
    0.0002214457408925334,
    0.0002177649564011732,
    0.0002160154156102226,
    0.00021495434295397498,
    0.00021503690574672027,
    0.00021443832475506963,
    0.00021474721329843907,
    0.0002144256716192144,
    0.00021404764166387774,
    0.0002143621227998207,
    0.00021371888284916685,
    0.00021389716685750275,
    0.00021348323324756315,
    0.00021341589506077347,
    0.00021394956744953724,
    0.0002135062251719846,
    0.00021289347665917925,
    0.00021304212599358282,
    0.00021301385972741118,
    0.00021329000750112376,
    0.000212839355931328,
    0.00021202011098925687,
    0.00021187136526925704,
    0.0002127169916961014,
    0.00021303175691291974,
    0.00021225982047834907,
    0.00021251620088073563,
    0.00021236501237392524,
    0.0002120957472486973,
    0.00021224703090314578,
    0.0002119134830449136,
    0.0002121706567203263,
    0.0002119592773537701,
    0.00021195108092346621,
    0.0002120276186338342,
    0.00021240255459601285,
    0.00021290238285982298,
    0.00021308516465941047,
    0.00021208025373546188,
    0.0002115953250645595,
    0.00021246684311925575,
    0.0002123680957227331,
    0.0002127153942586061,
    0.00021290743515075928,
    0.00021324080871645544,
    0.000212429121706469,
    0.0002127421226813235,
    0.00021298998005105563,
    0.00021251114840848702,
    0.00021270625662189174,
    0.00021380927390197193,
    0.000213348449072718,
    0.00021352392441860324,
    0.0002125892812287373,
    0.00021327868757445753,
    0.0002131861120134449,
    0.00021315287175546703,
    0.0002128558941079874,
    0.00021297715839877326,
    0.00021305229335653216,
    0.0002130583568980154,
    0.0002138668103239627,
    0.0002129984060084859,
    0.00021328186673144072,
    0.00021341902140493822,
    0.0002132286606266717,
    0.00021301473426349512,
    0.00021297188681933436,
    0.00021296622738248373,
    0.0002131887843966059,
    0.0002138775420053644
  ],
  "metrics": {
    "adjusted_arithmetic_mean_rank": {
      "both": {
        "realistic": 0.07669789870052152
      },
      "head": {
        "realistic": 0.16261088216069075
      },
      "tail": {
        "realistic": 0.004380289640718126
      }
    },
    "adjusted_arithmetic_mean_rank_index": {
      "both": {
        "realistic": 0.9233032469404645
      },
      "head": {
        "realistic": 0.8373902545461703
      },
      "tail": {
        "realistic": 0.9956208479860947
      }
    },
    "arithmetic_mean_rank": {
      "both": {
        "optimistic": 61812.89104403932,
        "pessimistic": 61812.95644209448,
        "realistic": 61812.9237430669
      },
      "head": {
        "optimistic": 119792.27213338474,
        "pessimistic": 119792.39594183031,
        "realistic": 119792.33403760752
      },
      "tail": {
        "optimistic": 3833.509954693903,
        "pessimistic": 3833.5169423586503,
        "realistic": 3833.513448526277
      }
    },
    "geometric_mean_rank": {
      "both": {
        "optimistic": 1244.6254608505155,
        "pessimistic": 1244.6278639740237,
        "realistic": 1244.6266703819715
      },
      "head": {
        "optimistic": 14324.573335838977,
        "pessimistic": 14324.600356018844,
        "realistic": 14324.586848325887
      },
      "tail": {
        "optimistic": 108.14231610805842,
        "pessimistic": 108.14252972367447,
        "realistic": 108.14242428270423
      }
    },
    "harmonic_mean_rank": {
      "both": {
        "optimistic": 17.595393051450298,
        "pessimistic": 17.595409046735433,
        "realistic": 17.595402008932584
      },
      "head": {
        "optimistic": 183.85336807747498,
        "pessimistic": 183.8534133272118,
        "realistic": 183.8533907754867
      },
      "tail": {
        "optimistic": 9.239838522454892,
        "pessimistic": 9.239847229877297,
        "realistic": 9.239843405351575
      }
    },
    "hits_at_k": {
      "both": {
        "optimistic": {
          "1": 0.024332902915215792,
          "3": 0.057637269721207376,
          "5": 0.08249289606116425,
          "10": 0.12985622810936293
        },
        "pessimistic": {
          "1": 0.024332902915215792,
          "3": 0.057636759747134454,
          "5": 0.08249289606116425,
          "10": 0.12985622810936293
        },
        "realistic": {
          "1": 0.024332902915215792,
          "3": 0.057636759747134454,
          "5": 0.08249289606116425,
          "10": 0.12985622810936293
        }
      },
      "head": {
        "optimistic": {
          "1": 0.0006425673318768474,
          "3": 0.006331838089351538,
          "5": 0.008814391876317008,
          "10": 0.012347492253493832
        },
        "pessimistic": {
          "1": 0.0006425673318768474,
          "3": 0.006331838089351538,
          "5": 0.008814391876317008,
          "10": 0.012347492253493832
        },
        "realistic": {
          "1": 0.0006425673318768474,
          "3": 0.006331838089351538,
          "5": 0.008814391876317008,
          "10": 0.012347492253493832
        }
      },
      "tail": {
        "optimistic": {
          "1": 0.048023238498554735,
          "3": 0.1089427013530632,
          "5": 0.1561714002460115,
          "10": 0.247364963965232
        },
        "pessimistic": {
          "1": 0.048023238498554735,
          "3": 0.10894168140491738,
          "5": 0.1561714002460115,
          "10": 0.247364963965232
        },
        "realistic": {
          "1": 0.048023238498554735,
          "3": 0.10894168140491738,
          "5": 0.1561714002460115,
          "10": 0.247364963965232
        }
      }
    },
    "inverse_arithmetic_mean_rank": {
      "both": {
        "optimistic": 1.6177855186995513e-05,
        "pessimistic": 1.617783807083853e-05,
        "realistic": 1.6177846628912496e-05
      },
      "head": {
        "optimistic": 8.347783894494738e-06,
        "pessimistic": 8.347775266850723e-06,
        "realistic": 8.347779580670502e-06
      },
      "tail": {
        "optimistic": 0.00026085754617007317,
        "pessimistic": 0.0002608570706836969,
        "realistic": 0.00026085730842666835
      }
    },
    "inverse_geometric_mean_rank": {
      "both": {
        "optimistic": 0.0008034545583830893,
        "pessimistic": 0.0008034530070755918,
        "realistic": 0.0008034537775838466
      },
      "head": {
        "optimistic": 6.981010718818949e-05,
        "pessimistic": 6.980997550691351e-05,
        "realistic": 6.981004133580788e-05
      },
      "tail": {
        "optimistic": 0.009247074003859653,
        "pessimistic": 0.009247055737970968,
        "realistic": 0.009247064754030442
      }
    },
    "inverse_harmonic_mean_rank": {
      "both": {
        "optimistic": 0.05683305835089459,
        "pessimistic": 0.056833006686226206,
        "realistic": 0.056833029418272694
      },
      "head": {
        "optimistic": 0.005439117109775245,
        "pessimistic": 0.00543911577110759,
        "realistic": 0.005439116438277464
      },
      "tail": {
        "optimistic": 0.1082269995920139,
        "pessimistic": 0.10822689760134484,
        "realistic": 0.10822694239826786
      }
    },
    "inverse_median_rank": {
      "both": {
        "optimistic": 0.0005810575246949448,
        "pessimistic": 0.0005810575246949448,
        "realistic": 0.0005810575246949448
      },
      "head": {
        "optimistic": 5.6721497447532616e-05,
        "pessimistic": 5.6721497447532616e-05,
        "realistic": 5.6721497447532616e-05
      },
      "tail": {
        "optimistic": 0.010752688172043012,
        "pessimistic": 0.010752688172043012,
        "realistic": 0.010752688172043012
      }
    },